{
  "collectionName": "components_order_data_order_data",
  "info": {
    "displayName": "orderData",
    "icon": "database"
  },
  "options": {},
  "attributes": {
    "wooId": {
      "type": "biginteger"
    },
    "sku": {
      "type": "biginteger"
    },
    "french": {
      "type": "string"
    },
    "latest": {
      "type": "datetime"
    },
    "status": {
      "type": "string"
    },
    "courier": {
      "type": "string"
    },
    "virtual": {
      "type": "boolean"
    },
    "description": {
      "type": "string"
    },
    "trackingNumber": {
      "type": "string"
    },
    "fulfillmentDate": {
      "type": "date"
    }
  }
}
